id,alias,name,image_url,is_closed,url,review_count,categories,rating,coordinates,transactions,location,phone,display_phone,distance,price,Area
1OUdEM-V-KYLHRr-ADq_TA,joannas-cafe-dundalk,Joanna's Cafe,https://s3-media1.fl.yelpcdn.com/bphoto/DJl_nVJe9HGLJQl3y-Go4A/o.jpg,False,https://www.yelp.com/biz/joannas-cafe-dundalk?adjust_creative=nd2aTXKcQuP1kUkb9regqw&utm_campaign=yelp_api_v3&utm_medium=api_v3_business_search&utm_source=nd2aTXKcQuP1kUkb9regqw,22,"[{'alias': 'breakfast_brunch', 'title': 'Breakfast & Brunch'}, {'alias': 'salad', 'title': 'Salad'}, {'alias': 'sandwiches', 'title': 'Sandwiches'}]",4.5,"{'latitude': 39.275881, 'longitude': -76.505672}","['pickup', 'delivery']","{'address1': '1420 Merritt Blvd', 'address2': 'Ste A', 'address3': '', 'city': 'Dundalk', 'zip_code': '21222', 'country': 'US', 'state': 'MD', 'display_address': ['1420 Merritt Blvd', 'Ste A', 'Dundalk, MD 21222']}",+14435494797,(443) 549-4797,844.8537170183146,,Dundalk
GcYE7r_yYf9x5gIf-xlVaQ,onedo-coffee-roasters-baltimore-2,OneDo Coffee Roasters,https://s3-media1.fl.yelpcdn.com/bphoto/KU1bVUjtcMEY6GyDl4nF3A/o.jpg,False,https://www.yelp.com/biz/onedo-coffee-roasters-baltimore-2?adjust_creative=nd2aTXKcQuP1kUkb9regqw&utm_campaign=yelp_api_v3&utm_medium=api_v3_business_search&utm_source=nd2aTXKcQuP1kUkb9regqw,103,"[{'alias': 'coffeeroasteries', 'title': 'Coffee Roasteries'}]",4.5,"{'latitude': 39.2818782, 'longitude': -76.5781694}",['delivery'],"{'address1': '913 S Lakewood Ave', 'address2': None, 'address3': '', 'city': 'Baltimore', 'zip_code': '21224', 'country': 'US', 'state': 'MD', 'display_address': ['913 S Lakewood Ave', 'Baltimore, MD 21224']}",+14108140242,(410) 814-0242,6822.491511762849,$$,Dundalk
a5c8AmmG9y8kehmk92NP3w,scoops-cafe-dundalk,Scoops Cafe,https://s3-media3.fl.yelpcdn.com/bphoto/ubH9WzYKDwJWRESl4XsFkA/o.jpg,False,https://www.yelp.com/biz/scoops-cafe-dundalk?adjust_creative=nd2aTXKcQuP1kUkb9regqw&utm_campaign=yelp_api_v3&utm_medium=api_v3_business_search&utm_source=nd2aTXKcQuP1kUkb9regqw,8,"[{'alias': 'korean', 'title': 'Korean'}, {'alias': 'cafes', 'title': 'Cafes'}, {'alias': 'chicken_wings', 'title': 'Chicken Wings'}]",4.0,"{'latitude': 39.257, 'longitude': -76.52228}",['delivery'],"{'address1': '63 Shipping Pl', 'address2': '', 'address3': '', 'city': 'Dundalk', 'zip_code': '21222', 'country': 'US', 'state': 'MD', 'display_address': ['63 Shipping Pl', 'Dundalk, MD 21222']}",+14102881988,(410) 288-1988,2439.2018301096928,$,Dundalk
_UTrlOdkgxlo15h-1zVo7g,aveley-farms-coffee-roasters-baltimore,Aveley Farms Coffee Roasters,https://s3-media2.fl.yelpcdn.com/bphoto/fzZx_jO_-_TpK71Yvob4RQ/o.jpg,False,https://www.yelp.com/biz/aveley-farms-coffee-roasters-baltimore?adjust_creative=nd2aTXKcQuP1kUkb9regqw&utm_campaign=yelp_api_v3&utm_medium=api_v3_business_search&utm_source=nd2aTXKcQuP1kUkb9regqw,53,"[{'alias': 'coffee', 'title': 'Coffee & Tea'}, {'alias': 'coffeeroasteries', 'title': 'Coffee Roasteries'}]",5.0,"{'latitude': 39.283456, 'longitude': -76.598034}",[],"{'address1': '1400 Aliceanna St', 'address2': None, 'address3': None, 'city': 'Baltimore', 'zip_code': '21231', 'country': 'US', 'state': 'MD', 'display_address': ['1400 Aliceanna St', 'Baltimore, MD 21231']}",+14437085737,(443) 708-5737,8537.49662588268,,Dundalk
tf6-VbiMWfnujYL3l5gAwQ,café-dear-leon-baltimore,Café Dear Leon,https://s3-media1.fl.yelpcdn.com/bphoto/6CHww8mSUSyb6QOBhlO4ow/o.jpg,False,https://www.yelp.com/biz/caf%C3%A9-dear-leon-baltimore?adjust_creative=nd2aTXKcQuP1kUkb9regqw&utm_campaign=yelp_api_v3&utm_medium=api_v3_business_search&utm_source=nd2aTXKcQuP1kUkb9regqw,30,"[{'alias': 'cafes', 'title': 'Cafes'}, {'alias': 'bakeries', 'title': 'Bakeries'}, {'alias': 'desserts', 'title': 'Desserts'}]",5.0,"{'latitude': 39.279914, 'longitude': -76.57432}",[],"{'address1': ""2929 O'Donnell St"", 'address2': '', 'address3': None, 'city': 'Baltimore', 'zip_code': '21224', 'country': 'US', 'state': 'MD', 'display_address': [""2929 O'Donnell St"", 'Baltimore, MD 21224']}",+16673122977,(667) 312-2977,6462.224615127829,,Dundalk
AhimJlm3ipDF8GRC0Iha2w,dunkin-dundalk,Dunkin',https://s3-media1.fl.yelpcdn.com/bphoto/1eYuy1I2fJzcqiW_d6NIfg/o.jpg,False,https://www.yelp.com/biz/dunkin-dundalk?adjust_creative=nd2aTXKcQuP1kUkb9regqw&utm_campaign=yelp_api_v3&utm_medium=api_v3_business_search&utm_source=nd2aTXKcQuP1kUkb9regqw,14,"[{'alias': 'donuts', 'title': 'Donuts'}, {'alias': 'coffee', 'title': 'Coffee & Tea'}]",3.5,"{'latitude': 39.2841, 'longitude': -76.506}",['delivery'],"{'address1': '1099 Merritt Blvd', 'address2': '', 'address3': '', 'city': 'Dundalk', 'zip_code': '21222', 'country': 'US', 'state': 'MD', 'display_address': ['1099 Merritt Blvd', 'Dundalk, MD 21222']}",+14102882180,(410) 288-2180,1560.7390490392117,$,Dundalk
g9KcT99NAgp3ctuMpb7Scw,high-grounds-coffee-roasters-baltimore,High Grounds Coffee Roasters,https://s3-media1.fl.yelpcdn.com/bphoto/S9rJC8S-UURan5Dtzkd-Fw/o.jpg,False,https://www.yelp.com/biz/high-grounds-coffee-roasters-baltimore?adjust_creative=nd2aTXKcQuP1kUkb9regqw&utm_campaign=yelp_api_v3&utm_medium=api_v3_business_search&utm_source=nd2aTXKcQuP1kUkb9regqw,61,"[{'alias': 'coffeeroasteries', 'title': 'Coffee Roasteries'}]",4.0,"{'latitude': 39.28623, 'longitude': -76.57133}",['delivery'],"{'address1': '3201 Eastern Ave', 'address2': '', 'address3': '', 'city': 'Baltimore', 'zip_code': '21224', 'country': 'US', 'state': 'MD', 'display_address': ['3201 Eastern Ave', 'Baltimore, MD 21224']}",+14103427611,(410) 342-7611,6363.012733304515,$,Dundalk
-CGGHN0TJHr3FW7Kdt0K2g,atwaters-canton-crossing-baltimore,Atwater's Canton Crossing,https://s3-media1.fl.yelpcdn.com/bphoto/kw01EpbpWakMamLdKWuNaA/o.jpg,False,https://www.yelp.com/biz/atwaters-canton-crossing-baltimore?adjust_creative=nd2aTXKcQuP1kUkb9regqw&utm_campaign=yelp_api_v3&utm_medium=api_v3_business_search&utm_source=nd2aTXKcQuP1kUkb9regqw,181,"[{'alias': 'coffee', 'title': 'Coffee & Tea'}, {'alias': 'breakfast_brunch', 'title': 'Breakfast & Brunch'}, {'alias': 'tradamerican', 'title': 'American (Traditional)'}]",4.0,"{'latitude': 39.276775166867, 'longitude': -76.5663337011689}","['pickup', 'delivery']","{'address1': '3601 Boston St', 'address2': '', 'address3': '', 'city': 'Baltimore', 'zip_code': '21224', 'country': 'US', 'state': 'MD', 'display_address': ['3601 Boston St', 'Baltimore, MD 21224']}",+16673097146,(667) 309-7146,5730.974230539826,$$,Dundalk
rqo3Z1z2yEMfNgH8BBdLLg,babys-on-fire-baltimore-3,Baby's on Fire,https://s3-media1.fl.yelpcdn.com/bphoto/w0y2YheMXLJMiA8ojAJRFQ/o.jpg,False,https://www.yelp.com/biz/babys-on-fire-baltimore-3?adjust_creative=nd2aTXKcQuP1kUkb9regqw&utm_campaign=yelp_api_v3&utm_medium=api_v3_business_search&utm_source=nd2aTXKcQuP1kUkb9regqw,13,"[{'alias': 'coffee', 'title': 'Coffee & Tea'}, {'alias': 'breakfast_brunch', 'title': 'Breakfast & Brunch'}, {'alias': 'vinyl_records', 'title': 'Vinyl Records'}]",4.0,"{'latitude': 39.2814372950864, 'longitude': -76.5943022444844}",['delivery'],"{'address1': '1616 Thames St', 'address2': '', 'address3': None, 'city': 'Baltimore', 'zip_code': '21231', 'country': 'US', 'state': 'MD', 'display_address': ['1616 Thames St', 'Baltimore, MD 21231']}",+16672124109,(667) 212-4109,8185.508211556266,,Dundalk
g9hBpVlmhIXi7qwYypvzSQ,plantbar-baltimore-5,Plantbar,https://s3-media1.fl.yelpcdn.com/bphoto/BvKhPB7BnO578WL0B6-5og/o.jpg,False,https://www.yelp.com/biz/plantbar-baltimore-5?adjust_creative=nd2aTXKcQuP1kUkb9regqw&utm_campaign=yelp_api_v3&utm_medium=api_v3_business_search&utm_source=nd2aTXKcQuP1kUkb9regqw,9,"[{'alias': 'acaibowls', 'title': 'Acai Bowls'}, {'alias': 'juicebars', 'title': 'Juice Bars & Smoothies'}, {'alias': 'coffee', 'title': 'Coffee & Tea'}]",4.0,"{'latitude': 39.2787150934609, 'longitude': -76.56624528896}","['pickup', 'delivery']","{'address1': '3700 Toone St', 'address2': '', 'address3': None, 'city': 'Baltimore', 'zip_code': '21224', 'country': 'US', 'state': 'MD', 'display_address': ['3700 Toone St', 'Baltimore, MD 21224']}",+14106468196,(410) 646-8196,5752.404642269602,,Dundalk
SXWkgkVvUH1jGSN_bWeqbg,ceremony-coffee-roasters-harbor-point-baltimore-2,Ceremony Coffee Roasters - Harbor Point,https://s3-media2.fl.yelpcdn.com/bphoto/_MlDx6s2sLwYBhoKX2HUhA/o.jpg,False,https://www.yelp.com/biz/ceremony-coffee-roasters-harbor-point-baltimore-2?adjust_creative=nd2aTXKcQuP1kUkb9regqw&utm_campaign=yelp_api_v3&utm_medium=api_v3_business_search&utm_source=nd2aTXKcQuP1kUkb9regqw,90,"[{'alias': 'coffee', 'title': 'Coffee & Tea'}, {'alias': 'coffeeroasteries', 'title': 'Coffee Roasteries'}, {'alias': 'cafes', 'title': 'Cafes'}]",4.0,"{'latitude': 39.280497, 'longitude': -76.598444}",['delivery'],"{'address1': '1312 Point St', 'address2': None, 'address3': '', 'city': 'Baltimore', 'zip_code': '21231', 'country': 'US', 'state': 'MD', 'display_address': ['1312 Point St', 'Baltimore, MD 21231']}",+14106013561,(410) 601-3561,8524.613324090495,$$,Dundalk
Jv-CqTdKXsXgOs48netX9w,the-fountain-dundalk,The Fountain,https://s3-media2.fl.yelpcdn.com/bphoto/GDQjUN5KNz3jHm4vZzh3hw/o.jpg,False,https://www.yelp.com/biz/the-fountain-dundalk?adjust_creative=nd2aTXKcQuP1kUkb9regqw&utm_campaign=yelp_api_v3&utm_medium=api_v3_business_search&utm_source=nd2aTXKcQuP1kUkb9regqw,2,"[{'alias': 'icecream', 'title': 'Ice Cream & Frozen Yogurt'}, {'alias': 'sandwiches', 'title': 'Sandwiches'}, {'alias': 'coffee', 'title': 'Coffee & Tea'}]",5.0,"{'latitude': 39.27898217, 'longitude': -76.4895885}",[],"{'address1': '2805 N Point Rd', 'address2': None, 'address3': '', 'city': 'Dundalk', 'zip_code': '21222', 'country': 'US', 'state': 'MD', 'display_address': ['2805 N Point Rd', 'Dundalk, MD 21222']}",+14102842424,(410) 284-2424,1284.5485078383244,,Dundalk
2toJzDpjiJF_fyL7PFwsqA,hoehns-bakery-baltimore,Hoehn's Bakery,https://s3-media2.fl.yelpcdn.com/bphoto/VR2iMRAcRrBodgLXV0jRQQ/o.jpg,False,https://www.yelp.com/biz/hoehns-bakery-baltimore?adjust_creative=nd2aTXKcQuP1kUkb9regqw&utm_campaign=yelp_api_v3&utm_medium=api_v3_business_search&utm_source=nd2aTXKcQuP1kUkb9regqw,64,"[{'alias': 'bakeries', 'title': 'Bakeries'}]",4.5,"{'latitude': 39.28746104, 'longitude': -76.56749292}",['delivery'],"{'address1': '400 S Conkling St', 'address2': '', 'address3': '', 'city': 'Baltimore', 'zip_code': '21224', 'country': 'US', 'state': 'MD', 'display_address': ['400 S Conkling St', 'Baltimore, MD 21224']}",+14106752884,(410) 675-2884,6080.944071068537,$,Dundalk
iAEKDGlxWnxqWiSDwlowDQ,dunkin-baltimore-18,Dunkin',https://s3-media1.fl.yelpcdn.com/bphoto/eJlvTtV_5X5kCNie03UmnQ/o.jpg,False,https://www.yelp.com/biz/dunkin-baltimore-18?adjust_creative=nd2aTXKcQuP1kUkb9regqw&utm_campaign=yelp_api_v3&utm_medium=api_v3_business_search&utm_source=nd2aTXKcQuP1kUkb9regqw,13,"[{'alias': 'coffee', 'title': 'Coffee & Tea'}, {'alias': 'donuts', 'title': 'Donuts'}]",2.5,"{'latitude': 39.267331, 'longitude': -76.497659}",['delivery'],"{'address1': '7821 Wise Ave', 'address2': '', 'address3': '', 'city': 'Baltimore', 'zip_code': '21222', 'country': 'US', 'state': 'MD', 'display_address': ['7821 Wise Ave', 'Baltimore, MD 21222']}",+14102882844,(410) 288-2844,443.40210907122304,$,Dundalk
EkMjVNbQUurQSYUPz3lNrQ,hermans-bakery-baltimore-2,Hermans Bakery and Catering,https://s3-media1.fl.yelpcdn.com/bphoto/jdTfVn7ALYrOVnbhbC3Bng/o.jpg,False,https://www.yelp.com/biz/hermans-bakery-baltimore-2?adjust_creative=nd2aTXKcQuP1kUkb9regqw&utm_campaign=yelp_api_v3&utm_medium=api_v3_business_search&utm_source=nd2aTXKcQuP1kUkb9regqw,41,"[{'alias': 'bakeries', 'title': 'Bakeries'}]",3.0,"{'latitude': 39.2708228088841, 'longitude': -76.5041813144485}",[],"{'address1': '7560 Holabird Ave', 'address2': '', 'address3': '', 'city': 'Baltimore', 'zip_code': '21222', 'country': 'US', 'state': 'MD', 'display_address': ['7560 Holabird Ave', 'Baltimore, MD 21222']}",+14102845590,(410) 284-5590,342.22464950513466,$$,Dundalk
wbBo52hxtEJiAjE03XnqrQ,vinnys-cafe-baltimore-3,Vinny's Cafe,https://s3-media4.fl.yelpcdn.com/bphoto/cWlE5ZFhzo4YbKpq_A8Jaw/o.jpg,False,https://www.yelp.com/biz/vinnys-cafe-baltimore-3?adjust_creative=nd2aTXKcQuP1kUkb9regqw&utm_campaign=yelp_api_v3&utm_medium=api_v3_business_search&utm_source=nd2aTXKcQuP1kUkb9regqw,104,"[{'alias': 'italian', 'title': 'Italian'}, {'alias': 'cafes', 'title': 'Cafes'}, {'alias': 'pizza', 'title': 'Pizza'}]",4.5,"{'latitude': 39.2724723815918, 'longitude': -76.5400314331055}","['pickup', 'delivery']","{'address1': '6212 Holabird Ave', 'address2': '', 'address3': '', 'city': 'Baltimore', 'zip_code': '21224', 'country': 'US', 'state': 'MD', 'display_address': ['6212 Holabird Ave', 'Baltimore, MD 21224']}",+14106337709,(410) 633-7709,3422.48409610028,$$,Dundalk
mHCCBt9gLvBc14PoxBpF-Q,at-pfefferkorns-coffee-inc-baltimore,At Pfefferkorn's Coffee Inc,,False,https://www.yelp.com/biz/at-pfefferkorns-coffee-inc-baltimore?adjust_creative=nd2aTXKcQuP1kUkb9regqw&utm_campaign=yelp_api_v3&utm_medium=api_v3_business_search&utm_source=nd2aTXKcQuP1kUkb9regqw,1,"[{'alias': 'coffee', 'title': 'Coffee & Tea'}]",5.0,"{'latitude': 39.27062, 'longitude': -76.59696}",['delivery'],"{'address1': '1200 East Fort Ave', 'address2': None, 'address3': None, 'city': 'Baltimore', 'zip_code': '21230', 'country': 'US', 'state': 'MD', 'display_address': ['1200 East Fort Ave', 'Baltimore, MD 21230']}",+14107273354,(410) 727-3354,8346.06649679867,,Dundalk
xPSSbWsr-QJranvOx3VwQQ,wawa-dundalk,Wawa,https://s3-media4.fl.yelpcdn.com/bphoto/9HvbSOLkNcViRvyYCO6RZw/o.jpg,False,https://www.yelp.com/biz/wawa-dundalk?adjust_creative=nd2aTXKcQuP1kUkb9regqw&utm_campaign=yelp_api_v3&utm_medium=api_v3_business_search&utm_source=nd2aTXKcQuP1kUkb9regqw,8,"[{'alias': 'coffee', 'title': 'Coffee & Tea'}, {'alias': 'sandwiches', 'title': 'Sandwiches'}]",3.0,"{'latitude': 39.268611, 'longitude': -76.470146}",['delivery'],"{'address1': '4017 North Point Blvd', 'address2': None, 'address3': None, 'city': 'Dundalk', 'zip_code': '21222', 'country': 'US', 'state': 'MD', 'display_address': ['4017 North Point Blvd', 'Dundalk, MD 21222']}",+14103881890,(410) 388-1890,2599.0271006544644,$,Dundalk
lWO1YDNY-yD5B53FM2mZ_Q,zekes-coffee-baltimore-2,Zekes Coffee,https://s3-media3.fl.yelpcdn.com/bphoto/iFNR0XbRF1tmtZHufWyB0A/o.jpg,False,https://www.yelp.com/biz/zekes-coffee-baltimore-2?adjust_creative=nd2aTXKcQuP1kUkb9regqw&utm_campaign=yelp_api_v3&utm_medium=api_v3_business_search&utm_source=nd2aTXKcQuP1kUkb9regqw,140,"[{'alias': 'coffee', 'title': 'Coffee & Tea'}, {'alias': 'bagels', 'title': 'Bagels'}, {'alias': 'breakfast_brunch', 'title': 'Breakfast & Brunch'}]",4.5,"{'latitude': 39.343912, 'longitude': -76.567906}",['delivery'],"{'address1': '4719 Harford Rd', 'address2': '', 'address3': '', 'city': 'Baltimore', 'zip_code': '21214', 'country': 'US', 'state': 'MD', 'display_address': ['4719 Harford Rd', 'Baltimore, MD 21214']}",+14102540122,(410) 254-0122,10001.735200555908,$,Dundalk
9nXZg4D6wFwXLS5MzVe_Gw,sacré-sucré-baltimore,SACRÉ SUCRÉ,https://s3-media3.fl.yelpcdn.com/bphoto/8I7G-cKNn4vvfh6LQya8gA/o.jpg,False,https://www.yelp.com/biz/sacr%C3%A9-sucr%C3%A9-baltimore?adjust_creative=nd2aTXKcQuP1kUkb9regqw&utm_campaign=yelp_api_v3&utm_medium=api_v3_business_search&utm_source=nd2aTXKcQuP1kUkb9regqw,106,"[{'alias': 'macarons', 'title': 'Macarons'}, {'alias': 'bakeries', 'title': 'Bakeries'}, {'alias': 'coffee', 'title': 'Coffee & Tea'}]",5.0,"{'latitude': 39.2847633, 'longitude': -76.5887004}",[],"{'address1': '2001 Fleet St', 'address2': None, 'address3': '', 'city': 'Baltimore', 'zip_code': '21231', 'country': 'US', 'state': 'MD', 'display_address': ['2001 Fleet St', 'Baltimore, MD 21231']}",+14438730020,(443) 873-0020,7773.914665186973,$$,Dundalk
2DHUjQivKXz15yEz7geP4A,horus-cafe-baltimore,Horus Cafe,https://s3-media4.fl.yelpcdn.com/bphoto/Lj_yXLaFoJdulkPFtl_Rzg/o.jpg,False,https://www.yelp.com/biz/horus-cafe-baltimore?adjust_creative=nd2aTXKcQuP1kUkb9regqw&utm_campaign=yelp_api_v3&utm_medium=api_v3_business_search&utm_source=nd2aTXKcQuP1kUkb9regqw,14,"[{'alias': 'coffee', 'title': 'Coffee & Tea'}, {'alias': 'egyptian', 'title': 'Egyptian'}]",4.0,"{'latitude': 39.28517, 'longitude': -76.593}","['pickup', 'delivery']","{'address1': '515 S Broadway', 'address2': None, 'address3': None, 'city': 'Baltimore', 'zip_code': '21231', 'country': 'US', 'state': 'MD', 'display_address': ['515 S Broadway', 'Baltimore, MD 21231']}",+14438736789,(443) 873-6789,8150.522203230229,$$,Dundalk
jQHoJQCuobN6VxWk8kOGmQ,ice-queens-baltimore,Ice Queens,https://s3-media2.fl.yelpcdn.com/bphoto/kmdusTIVHL06NhEUI89nxw/o.jpg,False,https://www.yelp.com/biz/ice-queens-baltimore?adjust_creative=nd2aTXKcQuP1kUkb9regqw&utm_campaign=yelp_api_v3&utm_medium=api_v3_business_search&utm_source=nd2aTXKcQuP1kUkb9regqw,50,"[{'alias': 'desserts', 'title': 'Desserts'}, {'alias': 'coffee', 'title': 'Coffee & Tea'}, {'alias': 'icecream', 'title': 'Ice Cream & Frozen Yogurt'}]",5.0,"{'latitude': 39.26829, 'longitude': -76.59108}",[],"{'address1': '1648 E Fort Ave', 'address2': '', 'address3': None, 'city': 'Baltimore', 'zip_code': '21230', 'country': 'US', 'state': 'MD', 'display_address': ['1648 E Fort Ave', 'Baltimore, MD 21230']}",+14106468582,(410) 646-8582,7829.58173275938,,Dundalk
x28y5t0tjwByX7gIdLeDEA,mcdonalds-baltimore-79,McDonald's,https://s3-media3.fl.yelpcdn.com/bphoto/fE9pqSNFhZaq7VwSKjxiMA/o.jpg,False,https://www.yelp.com/biz/mcdonalds-baltimore-79?adjust_creative=nd2aTXKcQuP1kUkb9regqw&utm_campaign=yelp_api_v3&utm_medium=api_v3_business_search&utm_source=nd2aTXKcQuP1kUkb9regqw,11,"[{'alias': 'burgers', 'title': 'Burgers'}, {'alias': 'hotdogs', 'title': 'Fast Food'}, {'alias': 'coffee', 'title': 'Coffee & Tea'}]",1.0,"{'latitude': 39.2691522254508, 'longitude': -76.500389302048}",['delivery'],"{'address1': '7734 Wise Ave', 'address2': '', 'address3': '', 'city': 'Baltimore', 'zip_code': '21222', 'country': 'US', 'state': 'MD', 'display_address': ['7734 Wise Ave', 'Baltimore, MD 21222']}",+14102841560,(410) 284-1560,182.9736332204797,$,Dundalk
O5dk6SIRpsDLTYLudx9uRA,starbucks-baltimore-34,Starbucks,https://s3-media4.fl.yelpcdn.com/bphoto/j5zw3IlVKEC1nx9jqoniLQ/o.jpg,False,https://www.yelp.com/biz/starbucks-baltimore-34?adjust_creative=nd2aTXKcQuP1kUkb9regqw&utm_campaign=yelp_api_v3&utm_medium=api_v3_business_search&utm_source=nd2aTXKcQuP1kUkb9regqw,4,"[{'alias': 'coffee', 'title': 'Coffee & Tea'}]",3.5,"{'latitude': 39.274872, 'longitude': -76.564841}",['delivery'],"{'address1': '3779 Boston St', 'address2': '', 'address3': 'Harris Teeter', 'city': 'Baltimore', 'zip_code': '21224', 'country': 'US', 'state': 'MD', 'display_address': ['3779 Boston St', 'Harris Teeter', 'Baltimore, MD 21224']}",+14105220270,(410) 522-0270,5582.27601415389,$$,Dundalk
K61VjM5Bm73_-4Ayt4ZypQ,farmacy-cafe-and-catering-rosedale,Farmacy Cafe & Catering,https://s3-media2.fl.yelpcdn.com/bphoto/9ol8u6aUG_iZu2kf6l2AHw/o.jpg,False,https://www.yelp.com/biz/farmacy-cafe-and-catering-rosedale?adjust_creative=nd2aTXKcQuP1kUkb9regqw&utm_campaign=yelp_api_v3&utm_medium=api_v3_business_search&utm_source=nd2aTXKcQuP1kUkb9regqw,58,"[{'alias': 'breakfast_brunch', 'title': 'Breakfast & Brunch'}, {'alias': 'sandwiches', 'title': 'Sandwiches'}]",4.5,"{'latitude': 39.3473389537797, 'longitude': -76.4733711842949}","['pickup', 'delivery']","{'address1': '9106 Philadelphia Rd', 'address2': '', 'address3': '', 'city': 'Rosedale', 'zip_code': '21237', 'country': 'US', 'state': 'MD', 'display_address': ['9106 Philadelphia Rd', 'Rosedale, MD 21237']}",+14106366663,(410) 636-6663,8819.229526010995,$,Dundalk
cA-DS-nJlfl7IYre-rjH4Q,daily-grind-baltimore-8,Daily Grind,https://s3-media1.fl.yelpcdn.com/bphoto/n6-IZEC2UlIstnsyOv-BgQ/o.jpg,False,https://www.yelp.com/biz/daily-grind-baltimore-8?adjust_creative=nd2aTXKcQuP1kUkb9regqw&utm_campaign=yelp_api_v3&utm_medium=api_v3_business_search&utm_source=nd2aTXKcQuP1kUkb9regqw,211,"[{'alias': 'coffee', 'title': 'Coffee & Tea'}, {'alias': 'cafes', 'title': 'Cafes'}, {'alias': 'sandwiches', 'title': 'Sandwiches'}]",3.5,"{'latitude': 39.2821578979492, 'longitude': -76.591796875}",['delivery'],"{'address1': '1720 Thames St', 'address2': '', 'address3': '', 'city': 'Baltimore', 'zip_code': '21231', 'country': 'US', 'state': 'MD', 'display_address': ['1720 Thames St', 'Baltimore, MD 21231']}",+14105580399,(410) 558-0399,7981.022389220718,$,Dundalk
nqWApThPGF1tXZh7WFhDvg,karellas-cafe-baltimore,Karellas Cafe,https://s3-media2.fl.yelpcdn.com/bphoto/WvNWzvc7MZ-juQh_DHdb1g/o.jpg,False,https://www.yelp.com/biz/karellas-cafe-baltimore?adjust_creative=nd2aTXKcQuP1kUkb9regqw&utm_campaign=yelp_api_v3&utm_medium=api_v3_business_search&utm_source=nd2aTXKcQuP1kUkb9regqw,4,"[{'alias': 'greek', 'title': 'Greek'}, {'alias': 'coffee', 'title': 'Coffee & Tea'}, {'alias': 'mediterranean', 'title': 'Mediterranean'}]",4.5,"{'latitude': 39.2874215637467, 'longitude': -76.556693888781}",[],"{'address1': '426 S Newkirk St', 'address2': '', 'address3': '', 'city': 'Baltimore', 'zip_code': '21224', 'country': 'US', 'state': 'MD', 'display_address': ['426 S Newkirk St', 'Baltimore, MD 21224']}",+14435203030,(443) 520-3030,5201.834257234646,,Dundalk
6vTWQBwLUyTF5a66_K-0EA,earthshake-baltimore-2,EarthShake,https://s3-media2.fl.yelpcdn.com/bphoto/FhJfvYn2-CyJyzz63GNjHQ/o.jpg,False,https://www.yelp.com/biz/earthshake-baltimore-2?adjust_creative=nd2aTXKcQuP1kUkb9regqw&utm_campaign=yelp_api_v3&utm_medium=api_v3_business_search&utm_source=nd2aTXKcQuP1kUkb9regqw,53,"[{'alias': 'juicebars', 'title': 'Juice Bars & Smoothies'}, {'alias': 'acaibowls', 'title': 'Acai Bowls'}, {'alias': 'coffee', 'title': 'Coffee & Tea'}]",4.5,"{'latitude': 39.28457, 'longitude': -76.59021}","['pickup', 'delivery']","{'address1': '600 S Wolfe St', 'address2': '', 'address3': None, 'city': 'Baltimore', 'zip_code': '21231', 'country': 'US', 'state': 'MD', 'display_address': ['600 S Wolfe St', 'Baltimore, MD 21231']}",+14102760777,(410) 276-0777,7896.020334720954,$$,Dundalk
DgO2KpJFjj9L6FTUYD2bxA,pitango-baltimore,Pitango,https://s3-media2.fl.yelpcdn.com/bphoto/_OCqgSLR9ron8P5tUeZQqA/o.jpg,False,https://www.yelp.com/biz/pitango-baltimore?adjust_creative=nd2aTXKcQuP1kUkb9regqw&utm_campaign=yelp_api_v3&utm_medium=api_v3_business_search&utm_source=nd2aTXKcQuP1kUkb9regqw,229,"[{'alias': 'cafes', 'title': 'Cafes'}, {'alias': 'bakeries', 'title': 'Bakeries'}, {'alias': 'sandwiches', 'title': 'Sandwiches'}]",4.0,"{'latitude': 39.2815397517937, 'longitude': -76.590989597193}","['pickup', 'delivery']","{'address1': '903 S Ann St', 'address2': '', 'address3': '', 'city': 'Baltimore', 'zip_code': '21231', 'country': 'US', 'state': 'MD', 'display_address': ['903 S Ann St', 'Baltimore, MD 21231']}",+14436766447,(443) 676-6447,7905.181285568754,$$,Dundalk
wrMJjs3ylSCE-mu4YUbXDg,patterson-perk-baltimore,Patterson Perk,https://s3-media2.fl.yelpcdn.com/bphoto/sGz1AVogWUwQmJ5mK-wexg/o.jpg,False,https://www.yelp.com/biz/patterson-perk-baltimore?adjust_creative=nd2aTXKcQuP1kUkb9regqw&utm_campaign=yelp_api_v3&utm_medium=api_v3_business_search&utm_source=nd2aTXKcQuP1kUkb9regqw,77,"[{'alias': 'coffee', 'title': 'Coffee & Tea'}, {'alias': 'breakfast_brunch', 'title': 'Breakfast & Brunch'}]",3.5,"{'latitude': 39.28591, 'longitude': -76.58128}","['pickup', 'delivery']","{'address1': '2501 Eastern Ave', 'address2': '', 'address3': '', 'city': 'Baltimore', 'zip_code': '21224', 'country': 'US', 'state': 'MD', 'display_address': ['2501 Eastern Ave', 'Baltimore, MD 21224']}",+14105341286,(410) 534-1286,7180.8820931025175,$,Dundalk
pdQBSj0GL2Fe9jXYsFtyug,dunkin-dundalk-2,Dunkin',https://s3-media2.fl.yelpcdn.com/bphoto/mQIQ3am_J6VFKpMnndGI3A/o.jpg,False,https://www.yelp.com/biz/dunkin-dundalk-2?adjust_creative=nd2aTXKcQuP1kUkb9regqw&utm_campaign=yelp_api_v3&utm_medium=api_v3_business_search&utm_source=nd2aTXKcQuP1kUkb9regqw,6,"[{'alias': 'coffee', 'title': 'Coffee & Tea'}, {'alias': 'donuts', 'title': 'Donuts'}]",3.0,"{'latitude': 39.26741, 'longitude': -76.46761}",['delivery'],"{'address1': '4040 North Point Blvd', 'address2': None, 'address3': None, 'city': 'Dundalk', 'zip_code': '21222', 'country': 'US', 'state': 'MD', 'display_address': ['4040 North Point Blvd', 'Dundalk, MD 21222']}",,,2828.406327063459,,Dundalk
B0aXkwBhy2Nt_64DafeY1g,atwaters-café-baltimore,Atwater's Café,https://s3-media1.fl.yelpcdn.com/bphoto/iRc-kCdPla9FG7t2_0DZ3Q/o.jpg,False,https://www.yelp.com/biz/atwaters-caf%C3%A9-baltimore?adjust_creative=nd2aTXKcQuP1kUkb9regqw&utm_campaign=yelp_api_v3&utm_medium=api_v3_business_search&utm_source=nd2aTXKcQuP1kUkb9regqw,53,"[{'alias': 'cafes', 'title': 'Cafes'}, {'alias': 'bakeries', 'title': 'Bakeries'}]",3.5,"{'latitude': 39.3001098632812, 'longitude': -76.5905838012695}","['pickup', 'delivery']","{'address1': '855 N Wolfe St', 'address2': 'Ste A', 'address3': '', 'city': 'Baltimore', 'zip_code': '21205', 'country': 'US', 'state': 'MD', 'display_address': ['855 N Wolfe St', 'Ste A', 'Baltimore, MD 21205']}",+14106013702,(410) 601-3702,8436.584994035458,$$,Dundalk
yvThSS9-XD4WPSy9xCMy2A,7-eleven-baltimore-71,7-Eleven,https://s3-media3.fl.yelpcdn.com/bphoto/yBrn99XQoqpNSvk_fH_T-g/o.jpg,False,https://www.yelp.com/biz/7-eleven-baltimore-71?adjust_creative=nd2aTXKcQuP1kUkb9regqw&utm_campaign=yelp_api_v3&utm_medium=api_v3_business_search&utm_source=nd2aTXKcQuP1kUkb9regqw,1,"[{'alias': 'convenience', 'title': 'Convenience Stores'}, {'alias': 'servicestations', 'title': 'Gas Stations'}, {'alias': 'coffee', 'title': 'Coffee & Tea'}]",5.0,"{'latitude': 39.2781612, 'longitude': -76.4869198}","['pickup', 'delivery']","{'address1': '3003 N Point Rd', 'address2': None, 'address3': None, 'city': 'Baltimore', 'zip_code': '21222', 'country': 'US', 'state': 'MD', 'display_address': ['3003 N Point Rd', 'Baltimore, MD 21222']}",+14102829262,(410) 282-9262,1406.9320560198084,$,Dundalk
usn1Wy0sfoea8jk45PejIw,sunnyside-cafe-baltimore,Sunnyside Cafe,https://s3-media3.fl.yelpcdn.com/bphoto/VwtdPKfNKI0bhuu2KbGtQg/o.jpg,False,https://www.yelp.com/biz/sunnyside-cafe-baltimore?adjust_creative=nd2aTXKcQuP1kUkb9regqw&utm_campaign=yelp_api_v3&utm_medium=api_v3_business_search&utm_source=nd2aTXKcQuP1kUkb9regqw,30,"[{'alias': 'breakfast_brunch', 'title': 'Breakfast & Brunch'}, {'alias': 'coffee', 'title': 'Coffee & Tea'}, {'alias': 'tradamerican', 'title': 'American (Traditional)'}]",4.0,"{'latitude': 39.2987022590978, 'longitude': -76.5873888507485}","['pickup', 'delivery']","{'address1': '2110 E Monument St', 'address2': '', 'address3': '', 'city': 'Baltimore', 'zip_code': '21205', 'country': 'US', 'state': 'MD', 'display_address': ['2110 E Monument St', 'Baltimore, MD 21205']}",+16672051491,(667) 205-1491,8119.957362827986,$,Dundalk
5DB1m25LiY9HQlRU9VJMmg,starbucks-middle-river-2,Starbucks,https://s3-media2.fl.yelpcdn.com/bphoto/sdP3E2JR6d0Eb-QYHRFbWg/o.jpg,False,https://www.yelp.com/biz/starbucks-middle-river-2?adjust_creative=nd2aTXKcQuP1kUkb9regqw&utm_campaign=yelp_api_v3&utm_medium=api_v3_business_search&utm_source=nd2aTXKcQuP1kUkb9regqw,1,"[{'alias': 'coffee', 'title': 'Coffee & Tea'}]",3.0,"{'latitude': 39.33473, 'longitude': -76.44873}",['delivery'],"{'address1': '1330 Martin Blvd', 'address2': '', 'address3': 'Target', 'city': 'Middle River', 'zip_code': '21220', 'country': 'US', 'state': 'MD', 'display_address': ['1330 Martin Blvd', 'Target', 'Middle River, MD 21220']}",+14104069081,(410) 406-9081,8376.411618836144,$$,Dundalk
DIouP_DrnBwO8Uqku0GHZw,mcdonalds-baltimore-82,McDonald's,,False,https://www.yelp.com/biz/mcdonalds-baltimore-82?adjust_creative=nd2aTXKcQuP1kUkb9regqw&utm_campaign=yelp_api_v3&utm_medium=api_v3_business_search&utm_source=nd2aTXKcQuP1kUkb9regqw,3,"[{'alias': 'burgers', 'title': 'Burgers'}, {'alias': 'hotdogs', 'title': 'Fast Food'}, {'alias': 'coffee', 'title': 'Coffee & Tea'}]",3.5,"{'latitude': 39.271945, 'longitude': -76.471023}",['delivery'],"{'address1': '3954 N Point Blvd', 'address2': '', 'address3': '', 'city': 'Baltimore', 'zip_code': '21222', 'country': 'US', 'state': 'MD', 'display_address': ['3954 N Point Blvd', 'Baltimore, MD 21222']}",+14104773954,(410) 477-3954,2515.40769312598,$,Dundalk
K5I36Vj_aex3fDcrvG_u3w,mcdonalds-dundalk-3,McDonald's,,False,https://www.yelp.com/biz/mcdonalds-dundalk-3?adjust_creative=nd2aTXKcQuP1kUkb9regqw&utm_campaign=yelp_api_v3&utm_medium=api_v3_business_search&utm_source=nd2aTXKcQuP1kUkb9regqw,11,"[{'alias': 'burgers', 'title': 'Burgers'}, {'alias': 'hotdogs', 'title': 'Fast Food'}, {'alias': 'coffee', 'title': 'Coffee & Tea'}]",2.5,"{'latitude': 39.2624840896948, 'longitude': -76.5267161233419}",['delivery'],"{'address1': '2222 Dundalk Ave', 'address2': '', 'address3': '', 'city': 'Dundalk', 'zip_code': '21222', 'country': 'US', 'state': 'MD', 'display_address': ['2222 Dundalk Ave', 'Dundalk, MD 21222']}",+14102822222,(410) 282-2222,2462.067661613792,$,Dundalk
u1FvRBCjX2jKd6OGXWpuPQ,cups-coffeehouse-baltimore-2,CUPs Coffeehouse,https://s3-media3.fl.yelpcdn.com/bphoto/u-vaiV-25ZMYiQIIa0QUYw/o.jpg,False,https://www.yelp.com/biz/cups-coffeehouse-baltimore-2?adjust_creative=nd2aTXKcQuP1kUkb9regqw&utm_campaign=yelp_api_v3&utm_medium=api_v3_business_search&utm_source=nd2aTXKcQuP1kUkb9regqw,21,"[{'alias': 'coffee', 'title': 'Coffee & Tea'}]",4.0,"{'latitude': 39.32132, 'longitude': -76.57443}","['pickup', 'delivery']","{'address1': '3216 Belair Rd', 'address2': '', 'address3': '', 'city': 'Baltimore', 'zip_code': '21213', 'country': 'US', 'state': 'MD', 'display_address': ['3216 Belair Rd', 'Baltimore, MD 21213']}",+14433800201,(443) 380-0201,8503.154223248976,$,Dundalk
-jZZEKPf-TVZqCly9n-Ndw,black-acres-roastery-baltimore,Black Acres Roastery,https://s3-media1.fl.yelpcdn.com/bphoto/xh9pYr3KUTjTvikJ8k64qA/o.jpg,False,https://www.yelp.com/biz/black-acres-roastery-baltimore?adjust_creative=nd2aTXKcQuP1kUkb9regqw&utm_campaign=yelp_api_v3&utm_medium=api_v3_business_search&utm_source=nd2aTXKcQuP1kUkb9regqw,1,"[{'alias': 'coffeeroasteries', 'title': 'Coffee Roasteries'}]",5.0,"{'latitude': 39.286314, 'longitude': -76.569798}",[],"{'address1': '3301 Eastern Ave', 'address2': None, 'address3': '', 'city': 'Baltimore', 'zip_code': '21224', 'country': 'US', 'state': 'MD', 'display_address': ['3301 Eastern Ave', 'Baltimore, MD 21224']}",+14104977553,(410) 497-7553,6233.7325298485575,,Dundalk
w7CsoDT6K0UENnOPYeLr6w,jabali-baltimore-2,Jabali,https://s3-media2.fl.yelpcdn.com/bphoto/10BAWP47ME58Pvu24Hfv8w/o.jpg,False,https://www.yelp.com/biz/jabali-baltimore-2?adjust_creative=nd2aTXKcQuP1kUkb9regqw&utm_campaign=yelp_api_v3&utm_medium=api_v3_business_search&utm_source=nd2aTXKcQuP1kUkb9regqw,26,"[{'alias': 'coffee', 'title': 'Coffee & Tea'}]",4.5,"{'latitude': 39.2825698852539, 'longitude': -76.5948867797852}",['delivery'],"{'address1': '737 S Bond St', 'address2': None, 'address3': '', 'city': 'Baltimore', 'zip_code': '21231', 'country': 'US', 'state': 'MD', 'display_address': ['737 S Bond St', 'Baltimore, MD 21231']}",+14438312862,(443) 831-2862,8260.94764142729,$,Dundalk
DDjgZL3FCkvVqa484wHxfw,corner-juice-bar-canton,Corner Juice Bar,https://s3-media2.fl.yelpcdn.com/bphoto/WLHKFD0cQx-ZgGHQb7VYlw/o.jpg,False,https://www.yelp.com/biz/corner-juice-bar-canton?adjust_creative=nd2aTXKcQuP1kUkb9regqw&utm_campaign=yelp_api_v3&utm_medium=api_v3_business_search&utm_source=nd2aTXKcQuP1kUkb9regqw,71,"[{'alias': 'juicebars', 'title': 'Juice Bars & Smoothies'}, {'alias': 'acaibowls', 'title': 'Acai Bowls'}]",4.5,"{'latitude': 39.285284, 'longitude': -76.582617}","['pickup', 'delivery']","{'address1': '2400 Fleet St', 'address2': '', 'address3': '', 'city': 'Canton', 'zip_code': '21224', 'country': 'US', 'state': 'MD', 'display_address': ['2400 Fleet St', 'Canton, MD 21224']}",+14108441538,(410) 844-1538,7274.188398040021,$$,Dundalk
mMt1AT4wsbqbY7wREPxHuQ,scoozzi-restaurant-dundalk-2,Scoozzi Restaurant,https://s3-media1.fl.yelpcdn.com/bphoto/kJcvpggJU2JN2iyslB-MEA/o.jpg,False,https://www.yelp.com/biz/scoozzi-restaurant-dundalk-2?adjust_creative=nd2aTXKcQuP1kUkb9regqw&utm_campaign=yelp_api_v3&utm_medium=api_v3_business_search&utm_source=nd2aTXKcQuP1kUkb9regqw,19,"[{'alias': 'newamerican', 'title': 'American (New)'}, {'alias': 'seafood', 'title': 'Seafood'}, {'alias': 'breakfast_brunch', 'title': 'Breakfast & Brunch'}]",3.5,"{'latitude': 39.27966, 'longitude': -76.50206}",['pickup'],"{'address1': '7625 German Hill Rd', 'address2': None, 'address3': None, 'city': 'Dundalk', 'zip_code': '21222', 'country': 'US', 'state': 'MD', 'display_address': ['7625 German Hill Rd', 'Dundalk, MD 21222']}",+14102881060,(410) 288-1060,992.4586426574938,$,Dundalk
HVl7oEQIUI2RM_GS_qMeYA,red-canoe-baltimore,Red Canoe,https://s3-media4.fl.yelpcdn.com/bphoto/tjWbT9uQk5bhdiCoKmY9AA/o.jpg,False,https://www.yelp.com/biz/red-canoe-baltimore?adjust_creative=nd2aTXKcQuP1kUkb9regqw&utm_campaign=yelp_api_v3&utm_medium=api_v3_business_search&utm_source=nd2aTXKcQuP1kUkb9regqw,131,"[{'alias': 'bookstores', 'title': 'Bookstores'}, {'alias': 'coffee', 'title': 'Coffee & Tea'}, {'alias': 'breakfast_brunch', 'title': 'Breakfast & Brunch'}]",4.5,"{'latitude': 39.33932, 'longitude': -76.57257}",['delivery'],"{'address1': '4337 Harford Rd', 'address2': None, 'address3': '', 'city': 'Baltimore', 'zip_code': '21214', 'country': 'US', 'state': 'MD', 'display_address': ['4337 Harford Rd', 'Baltimore, MD 21214']}",+14104444440,(410) 444-4440,9845.715686157671,$,Dundalk
SW7bXYvHIbG9rQWf9zHR7A,teavolve-baltimore-3,Teavolve,https://s3-media2.fl.yelpcdn.com/bphoto/-uRKoZr6Mv1dAImq0zlBpQ/o.jpg,False,https://www.yelp.com/biz/teavolve-baltimore-3?adjust_creative=nd2aTXKcQuP1kUkb9regqw&utm_campaign=yelp_api_v3&utm_medium=api_v3_business_search&utm_source=nd2aTXKcQuP1kUkb9regqw,799,"[{'alias': 'coffee', 'title': 'Coffee & Tea'}, {'alias': 'breakfast_brunch', 'title': 'Breakfast & Brunch'}, {'alias': 'lounges', 'title': 'Lounges'}]",4.0,"{'latitude': 39.2831709, 'longitude': -76.5978269}",['delivery'],"{'address1': '1401 Aliceanna St', 'address2': '', 'address3': '', 'city': 'Baltimore', 'zip_code': '21231', 'country': 'US', 'state': 'MD', 'display_address': ['1401 Aliceanna St', 'Baltimore, MD 21231']}",+14105221907,(410) 522-1907,8514.7496204789,$$,Dundalk
cT87WXYsO0U3vLMp20OT3A,7-eleven-dundalk-3,7-Eleven,,False,https://www.yelp.com/biz/7-eleven-dundalk-3?adjust_creative=nd2aTXKcQuP1kUkb9regqw&utm_campaign=yelp_api_v3&utm_medium=api_v3_business_search&utm_source=nd2aTXKcQuP1kUkb9regqw,2,"[{'alias': 'convenience', 'title': 'Convenience Stores'}, {'alias': 'coffee', 'title': 'Coffee & Tea'}]",3.0,"{'latitude': 39.2729977500429, 'longitude': -76.5306597948074}",[],"{'address1': '6700 Brentwood Ave', 'address2': None, 'address3': None, 'city': 'Dundalk', 'zip_code': '21222', 'country': 'US', 'state': 'MD', 'display_address': ['6700 Brentwood Ave', 'Dundalk, MD 21222']}",+14106333358,(410) 633-3358,2632.962868365014,$,Dundalk
aG-gmjnZGkqN3X4T7pLH8A,7-eleven-highlandtown,7-Eleven,https://s3-media2.fl.yelpcdn.com/bphoto/gDhQ3pWOaAwiXZXjKkTmqg/o.jpg,False,https://www.yelp.com/biz/7-eleven-highlandtown?adjust_creative=nd2aTXKcQuP1kUkb9regqw&utm_campaign=yelp_api_v3&utm_medium=api_v3_business_search&utm_source=nd2aTXKcQuP1kUkb9regqw,1,"[{'alias': 'convenience', 'title': 'Convenience Stores'}, {'alias': 'coffee', 'title': 'Coffee & Tea'}]",5.0,"{'latitude': 39.2949148926296, 'longitude': -76.5248742699623}",[],"{'address1': '7201 E Baltimore St', 'address2': None, 'address3': None, 'city': 'Highlandtown', 'zip_code': '21224', 'country': 'US', 'state': 'MD', 'display_address': ['7201 E Baltimore St', 'Highlandtown, MD 21224']}",+14102825556,(410) 282-5556,3420.957239817413,$,Dundalk
LJUgQ5E4bBisCekG_DkSsQ,grand-grounds-baltimore,Grand Grounds,,False,https://www.yelp.com/biz/grand-grounds-baltimore?adjust_creative=nd2aTXKcQuP1kUkb9regqw&utm_campaign=yelp_api_v3&utm_medium=api_v3_business_search&utm_source=nd2aTXKcQuP1kUkb9regqw,1,"[{'alias': 'coffee', 'title': 'Coffee & Tea'}]",4.0,"{'latitude': 39.2970733642578, 'longitude': -76.5964736938477}",[],"{'address1': '601 N Caroline St', 'address2': '', 'address3': '', 'city': 'Baltimore', 'zip_code': '21231', 'country': 'US', 'state': 'MD', 'display_address': ['601 N Caroline St', 'Baltimore, MD 21231']}",,,8785.729073709319,,Dundalk
yT3vnwuOFWqXMqHlUI64jQ,andy-s-glass-grill-snowballs-baltimore,Andy’s Glass Grill Snowballs,https://s3-media2.fl.yelpcdn.com/bphoto/W4wmyooDQ8E4U88-qoWkJw/o.jpg,False,https://www.yelp.com/biz/andy-s-glass-grill-snowballs-baltimore?adjust_creative=nd2aTXKcQuP1kUkb9regqw&utm_campaign=yelp_api_v3&utm_medium=api_v3_business_search&utm_source=nd2aTXKcQuP1kUkb9regqw,1,"[{'alias': 'desserts', 'title': 'Desserts'}, {'alias': 'shavedice', 'title': 'Shaved Ice'}, {'alias': 'coffee', 'title': 'Coffee & Tea'}]",4.0,"{'latitude': 39.288395, 'longitude': -76.530893}",[],"{'address1': '6804 A Eastern Ave', 'address2': '', 'address3': None, 'city': 'Baltimore', 'zip_code': '21224', 'country': 'US', 'state': 'MD', 'display_address': ['6804 A Eastern Ave', 'Baltimore, MD 21224']}",+14102625413,(410) 262-5413,3287.5325729529036,,Dundalk
HVTF_FCAgU3vOAblWzhfog,dennys-dundalk,Denny's,https://s3-media1.fl.yelpcdn.com/bphoto/iTgxDXMMA-tAOoPDpKzm7g/o.jpg,False,https://www.yelp.com/biz/dennys-dundalk?adjust_creative=nd2aTXKcQuP1kUkb9regqw&utm_campaign=yelp_api_v3&utm_medium=api_v3_business_search&utm_source=nd2aTXKcQuP1kUkb9regqw,32,"[{'alias': 'diners', 'title': 'Diners'}, {'alias': 'breakfast_brunch', 'title': 'Breakfast & Brunch'}, {'alias': 'tradamerican', 'title': 'American (Traditional)'}]",3.0,"{'latitude': 39.2756327, 'longitude': -76.5041515231132}","['pickup', 'delivery']","{'address1': '1412 Merrit Blvd', 'address2': '', 'address3': '', 'city': 'Dundalk', 'zip_code': '21222', 'country': 'US', 'state': 'MD', 'display_address': ['1412 Merrit Blvd', 'Dundalk, MD 21222']}",+14102825880,(410) 282-5880,636.4899423424735,$$,Dundalk
eJx6U22aOYqjsvzLeqcY_Q,cloudy-donut-baltimore,Cloudy Donut ,https://s3-media1.fl.yelpcdn.com/bphoto/zNpTKG_r8LuijlU76fdILA/o.jpg,False,https://www.yelp.com/biz/cloudy-donut-baltimore?adjust_creative=nd2aTXKcQuP1kUkb9regqw&utm_campaign=yelp_api_v3&utm_medium=api_v3_business_search&utm_source=nd2aTXKcQuP1kUkb9regqw,66,"[{'alias': 'donuts', 'title': 'Donuts'}]",4.5,"{'latitude': 39.33876, 'longitude': -76.57306}","['pickup', 'delivery']","{'address1': '4311 Harford Rd', 'address2': '', 'address3': None, 'city': 'Baltimore', 'zip_code': '21214', 'country': 'US', 'state': 'MD', 'display_address': ['4311 Harford Rd', 'Baltimore, MD 21214']}",+14438859052,(443) 885-9052,9824.43002503869,$$$,Dundalk
